model,accuracy,f1_weighted,log_loss,roc_auc_ovr,auprc,selection_score,opt_threshold
logreg,0.9955,0.9955208071954035,0.017382446488369854,0.9999900514010943,0.9999568717653824,0.9999900514010943,0.7096932015105432
random_forest,0.996,0.9959958061873692,0.02108770865443437,0.9998507710164152,0.9993534468216635,0.9998507710164152,0.41333333333333333
decision_tree,0.994,0.9939937092810536,0.21626192033470312,0.9890067982092522,0.9712511750881316,0.9890067982092522,0.0
