model,accuracy,f1_weighted,log_loss,roc_auc_ovr,selection_score
logreg,0.999,0.9989989515468424,0.013270721651330317,0.9999900514010943,0.9999900514010943
random_forest,0.996,0.9959915814151747,0.020661665997361956,0.9998399933676008,0.9998399933676008
decision_tree,0.9895,0.9895054740966467,0.37845836058573024,0.9831122533576522,0.9831122533576522
