model,accuracy,f1_weighted,log_loss,roc_auc_ovr,auprc,selection_score,opt_threshold
logreg,0.997,0.9970092985164887,0.006625115307541196,0.9999933676007295,0.9999709578428512,0.9999933676007295,0.7096955285201593
random_forest,0.9955,0.995497645317462,0.01608798178367037,0.9998714972641354,0.9994344884043331,0.9998714972641354,0.43
decision_tree,0.993,0.9930358974358974,0.05975848397959833,0.9980591941634886,0.9932632489963809,0.9980591941634886,0.0
